[
  {
    "chemhub_id": "vc-001",
    "feedstock_id": "feed-001",
    "product_id": "prod-001"
  },
  {
    "chemhub_id": "vc-002",
    "feedstock_id": "feed-002",
    "product_id": "prod-002"
  },
  {
    "chemhub_id": "vc-003",
    "feedstock_id": "feed-003",
    "product_id": "prod-003"
  },
  {
    "chemhub_id": "vc-004",
    "feedstock_id": "feed-004",
    "product_id": "prod-004"
  },
  {
    "chemhub_id": "vc-005",
    "feedstock_id": "feed-005",
    "product_id": "prod-005"
  },
  {
    "chemhub_id": "vc-006",
    "feedstock_id": "feed-006",
    "product_id": "prod-006"
  },
  {
    "chemhub_id": "vc-007",
    "feedstock_id": "feed-007",
    "product_id": "prod-007"
  },
  {
    "chemhub_id": "vc-008",
    "feedstock_id": "feed-008",
    "product_id": "prod-008"
  },
  {
    "chemhub_id": "vc-009",
    "feedstock_id": "feed-009",
    "product_id": "prod-009"
  },
  {
    "chemhub_id": "vc-010",
    "feedstock_id": "feed-010",
    "product_id": "prod-010"
  }
]