[
  {
    "id": "feed-001",
    "name": "Post-consumer cotton textiles",
    "description": "Post-consumer cotton textiles, cellulosic waste, enzymes, yeast",
    "source_types": [
      "Industrial",
      "Post-consumer",
      "Agricultural"
    ],
    "related_chains": [
      "vc-001"
    ],
    "sustainability_impact": "High",
    "collection_methods": [
      "Direct collection",
      "Waste sorting"
    ]
  },
  {
    "id": "feed-002",
    "name": "Post-consumer cotton",
    "description": "Post-consumer cotton, superconcentrated hydrochloric acid (HCl) or sulfuric acid",
    "source_types": [
      "Industrial",
      "Post-consumer",
      "Agricultural"
    ],
    "related_chains": [
      "vc-002"
    ],
    "sustainability_impact": "High",
    "collection_methods": [
      "Direct collection",
      "Waste sorting"
    ]
  },
  {
    "id": "feed-003",
    "name": "Polycotton textiles",
    "description": "Polycotton textiles, superconcentrated HCl, catalysts",
    "source_types": [
      "Industrial",
      "Post-consumer",
      "Agricultural"
    ],
    "related_chains": [
      "vc-003"
    ],
    "sustainability_impact": "High",
    "collection_methods": [
      "Direct collection",
      "Waste sorting"
    ]
  },
  {
    "id": "feed-004",
    "name": "Mixed post-consumer plastics (PE",
    "description": "Mixed post-consumer plastics (PE, PP, PS), catalyst",
    "source_types": [
      "Industrial",
      "Post-consumer",
      "Agricultural"
    ],
    "related_chains": [
      "vc-004"
    ],
    "sustainability_impact": "High",
    "collection_methods": [
      "Direct collection",
      "Waste sorting"
    ]
  },
  {
    "id": "feed-005",
    "name": "End-of-life printed circuit boards (PCBs)",
    "description": "End-of-life printed circuit boards (PCBs), leaching chemicals",
    "source_types": [
      "Industrial",
      "Post-consumer",
      "Agricultural"
    ],
    "related_chains": [
      "vc-005"
    ],
    "sustainability_impact": "High",
    "collection_methods": [
      "Direct collection",
      "Waste sorting"
    ]
  },
  {
    "id": "feed-006",
    "name": "Citrus fruit peels (orange",
    "description": "Citrus fruit peels (orange, lemon), steam",
    "source_types": [
      "Industrial",
      "Post-consumer",
      "Agricultural"
    ],
    "related_chains": [
      "vc-006"
    ],
    "sustainability_impact": "High",
    "collection_methods": [
      "Direct collection",
      "Waste sorting"
    ]
  },
  {
    "id": "feed-007",
    "name": "Rice husks",
    "description": "Rice husks, sodium hydroxide",
    "source_types": [
      "Industrial",
      "Post-consumer",
      "Agricultural"
    ],
    "related_chains": [
      "vc-007"
    ],
    "sustainability_impact": "High",
    "collection_methods": [
      "Direct collection",
      "Waste sorting"
    ]
  },
  {
    "id": "feed-008",
    "name": "Demolished concrete",
    "description": "Demolished concrete, crushing equipment",
    "source_types": [
      "Industrial",
      "Post-consumer",
      "Agricultural"
    ],
    "related_chains": [
      "vc-008"
    ],
    "sustainability_impact": "High",
    "collection_methods": [
      "Direct collection",
      "Waste sorting"
    ]
  },
  {
    "id": "feed-009",
    "name": "Sawdust",
    "description": "Sawdust, lignocellulosic waste, dilute sulfuric acid",
    "source_types": [
      "Industrial",
      "Post-consumer",
      "Agricultural"
    ],
    "related_chains": [
      "vc-009"
    ],
    "sustainability_impact": "High",
    "collection_methods": [
      "Direct collection",
      "Waste sorting"
    ]
  },
  {
    "id": "feed-010",
    "name": "Mixed waste glass",
    "description": "Mixed waste glass, foaming agent (SiC, CaCO3)",
    "source_types": [
      "Industrial",
      "Post-consumer",
      "Agricultural"
    ],
    "related_chains": [
      "vc-010"
    ],
    "sustainability_impact": "High",
    "collection_methods": [
      "Direct collection",
      "Waste sorting"
    ]
  }
]