[
  {
    "id": "prod-001",
    "name": "Bioethanol",
    "description": "Bioethanol, residual solids (for biogas/compost)",
    "applications": [
      "Industrial",
      "Consumer",
      "Commercial"
    ],
    "related_chains": [
      "vc-001"
    ],
    "market_value": "\u00a320,000 - \u00a360,000",
    "certifications": []
  },
  {
    "id": "prod-002",
    "name": "Industrial glucose syrup",
    "description": "Industrial glucose syrup, lignin-like residue",
    "applications": [
      "Industrial",
      "Consumer",
      "Commercial"
    ],
    "related_chains": [
      "vc-002"
    ],
    "market_value": "\u00a315,000 - \u00a350,000",
    "certifications": []
  },
  {
    "id": "prod-003",
    "name": "Glucose",
    "description": "Glucose, 2,5-Furandicarboxylic acid (FDCA), recovered polyester fiber",
    "applications": [
      "Industrial",
      "Consumer",
      "Commercial"
    ],
    "related_chains": [
      "vc-003"
    ],
    "market_value": "\u00a350,000 - \u00a3150,000",
    "certifications": []
  },
  {
    "id": "prod-004",
    "name": "Diesel-like fuel oil",
    "description": "Diesel-like fuel oil, gasoline fraction, gas fraction",
    "applications": [
      "Industrial",
      "Consumer",
      "Commercial"
    ],
    "related_chains": [
      "vc-004"
    ],
    "market_value": "\u00a330,000 - \u00a3120,000",
    "certifications": []
  },
  {
    "id": "prod-005",
    "name": "Gold",
    "description": "Gold, silver, palladium, copper concentrate",
    "applications": [
      "Industrial",
      "Consumer",
      "Commercial"
    ],
    "related_chains": [
      "vc-005"
    ],
    "market_value": "\u00a340,000 - \u00a3200,000",
    "certifications": []
  },
  {
    "id": "prod-006",
    "name": "D-Limonene",
    "description": "D-Limonene, citrus oil fractions",
    "applications": [
      "Industrial",
      "Consumer",
      "Commercial"
    ],
    "related_chains": [
      "vc-006"
    ],
    "market_value": "\u00a310,000 - \u00a335,000",
    "certifications": []
  },
  {
    "id": "prod-007",
    "name": "Precipitated silica",
    "description": "Precipitated silica, sodium silicate",
    "applications": [
      "Industrial",
      "Consumer",
      "Commercial"
    ],
    "related_chains": [
      "vc-007"
    ],
    "market_value": "\u00a315,000 - \u00a345,000",
    "certifications": []
  },
  {
    "id": "prod-008",
    "name": "Recycled concrete aggregates (RCA)",
    "description": "Recycled concrete aggregates (RCA)",
    "applications": [
      "Industrial",
      "Consumer",
      "Commercial"
    ],
    "related_chains": [
      "vc-008"
    ],
    "market_value": "\u00a320,000 - \u00a370,000",
    "certifications": []
  },
  {
    "id": "prod-009",
    "name": "Furfural",
    "description": "Furfural, lignin residue",
    "applications": [
      "Industrial",
      "Consumer",
      "Commercial"
    ],
    "related_chains": [
      "vc-009"
    ],
    "market_value": "\u00a325,000 - \u00a380,000",
    "certifications": []
  },
  {
    "id": "prod-010",
    "name": "Foam glass insulation panels",
    "description": "Foam glass insulation panels",
    "applications": [
      "Industrial",
      "Consumer",
      "Commercial"
    ],
    "related_chains": [
      "vc-010"
    ],
    "market_value": "\u00a330,000 - \u00a390,000",
    "certifications": []
  }
]