{
  "Textile & Fashion Circularity": {
    "job_count": 20,
    "roles": [
      "Natural Dye Recovery Technician",
      "Fabric Deconstruction Specialist",
      "Fabric Deconstruction Specialist",
      "Fabric Deconstruction Specialist",
      "Fabric Deconstruction Specialist",
      "Fabric Deconstruction Specialist",
      "Fabric Deconstruction Specialist",
      "Natural Dye Recovery Technician",
      "Fabric Deconstruction Specialist",
      "Natural Dye Recovery Technician",
      "Fabric Deconstruction Specialist",
      "Natural Dye Recovery Technician",
      "Fabric Deconstruction Specialist",
      "Fabric Deconstruction Specialist",
      "Fabric Deconstruction Specialist",
      "Natural Dye Recovery Technician",
      "Fabric Deconstruction Specialist",
      "Fabric Deconstruction Specialist",
      "Natural Dye Recovery Technician",
      "Fabric Deconstruction Specialist"
    ],
    "avg_salary_range": {
      "min": 37.0,
      "max": 53.75
    },
    "education_paths": [
      "Industry experience",
      "Online course",
      "Bachelor's degree",
      "Vocational diploma",
      "Project-based proof",
      "Self-taught",
      "PhD"
    ],
    "related_value_chains": [
      {
        "id": "vc-001",
        "title": "Cotton Waste to Bioethanol",
        "category": "Textile Waste"
      },
      {
        "id": "vc-002",
        "title": "Cotton Waste to Glucose Syrup",
        "category": "Textile Waste"
      },
      {
        "id": "vc-003",
        "title": "Polycotton Waste to PEF Monomers",
        "category": "Textile Waste"
      }
    ]
  },
  "Bio-Based Materials & Waste Conversion": {
    "job_count": 20,
    "roles": [
      "Bio-Ethanol Production Operator",
      "Organic Waste Analyzer",
      "Organic Waste Analyzer",
      "Organic Waste Analyzer",
      "Bio-Ethanol Production Operator",
      "Bio-Ethanol Production Operator",
      "Bio-Ethanol Production Operator",
      "Organic Waste Analyzer",
      "Organic Waste Analyzer",
      "Bio-Ethanol Production Operator",
      "Organic Waste Analyzer",
      "Bio-Ethanol Production Operator",
      "Bio-Ethanol Production Operator",
      "Organic Waste Analyzer",
      "Organic Waste Analyzer",
      "Organic Waste Analyzer",
      "Organic Waste Analyzer",
      "Bio-Ethanol Production Operator",
      "Bio-Ethanol Production Operator",
      "Bio-Ethanol Production Operator"
    ],
    "avg_salary_range": {
      "min": 37.0,
      "max": 53.25
    },
    "education_paths": [
      "Industry experience",
      "Online course",
      "Master\u2019s degree",
      "Vocational diploma",
      "Bachelor's degree",
      "Project-based proof",
      "Self-taught",
      "PhD"
    ],
    "related_value_chains": [
      {
        "id": "vc-006",
        "title": "Orange Peels to Limonene",
        "category": "Food Waste"
      },
      {
        "id": "vc-007",
        "title": "Rice Husks to Silica",
        "category": "Agricultural Waste"
      },
      {
        "id": "vc-009",
        "title": "Sawdust to Furfural",
        "category": "Biomass Waste"
      }
    ]
  },
  "Construction & Green Materials": {
    "job_count": 20,
    "roles": [
      "Recycled Aggregate Technician",
      "Green Insulation Specialist",
      "Green Insulation Specialist",
      "Recycled Aggregate Technician",
      "Recycled Aggregate Technician",
      "Green Insulation Specialist",
      "Green Insulation Specialist",
      "Recycled Aggregate Technician",
      "Green Insulation Specialist",
      "Green Insulation Specialist",
      "Recycled Aggregate Technician",
      "Recycled Aggregate Technician",
      "Green Insulation Specialist",
      "Recycled Aggregate Technician",
      "Recycled Aggregate Technician",
      "Green Insulation Specialist",
      "Green Insulation Specialist",
      "Green Insulation Specialist",
      "Recycled Aggregate Technician",
      "Green Insulation Specialist"
    ],
    "avg_salary_range": {
      "min": 35.25,
      "max": 51.25
    },
    "education_paths": [
      "Industry experience",
      "Online course",
      "Bachelor's degree",
      "Vocational diploma",
      "Project-based proof",
      "Self-taught",
      "PhD"
    ],
    "related_value_chains": [
      {
        "id": "vc-008",
        "title": "Concrete Waste to Aggregates",
        "category": "Construction Waste"
      }
    ]
  },
  "Energy & Fuel from Waste": {
    "job_count": 20,
    "roles": [
      "Algae Biofuel Technician",
      "Algae Biofuel Technician",
      "Waste Pyrolysis Operator",
      "Algae Biofuel Technician",
      "Algae Biofuel Technician",
      "Algae Biofuel Technician",
      "Waste Pyrolysis Operator",
      "Algae Biofuel Technician",
      "Waste Pyrolysis Operator",
      "Waste Pyrolysis Operator",
      "Algae Biofuel Technician",
      "Algae Biofuel Technician",
      "Waste Pyrolysis Operator",
      "Algae Biofuel Technician",
      "Waste Pyrolysis Operator",
      "Waste Pyrolysis Operator",
      "Waste Pyrolysis Operator",
      "Waste Pyrolysis Operator",
      "Algae Biofuel Technician",
      "Algae Biofuel Technician"
    ],
    "avg_salary_range": {
      "min": 42.0,
      "max": 60.0
    },
    "education_paths": [
      "Industry experience",
      "Online course",
      "Master\u2019s degree",
      "Vocational diploma",
      "Bachelor's degree",
      "Project-based proof",
      "PhD"
    ],
    "related_value_chains": [
      {
        "id": "vc-004",
        "title": "Mixed Plastic Waste to Fuel Oil",
        "category": "Plastic Waste"
      },
      {
        "id": "vc-009",
        "title": "Sawdust to Furfural",
        "category": "Biomass Waste"
      }
    ]
  },
  "Upcycling, Repair & Local Production": {
    "job_count": 20,
    "roles": [
      "Repair Caf\u00e9 Coordinator",
      "3D Print Reclaimer",
      "Repair Caf\u00e9 Coordinator",
      "Repair Caf\u00e9 Coordinator",
      "3D Print Reclaimer",
      "Repair Caf\u00e9 Coordinator",
      "3D Print Reclaimer",
      "Repair Caf\u00e9 Coordinator",
      "Repair Caf\u00e9 Coordinator",
      "Repair Caf\u00e9 Coordinator",
      "Repair Caf\u00e9 Coordinator",
      "Repair Caf\u00e9 Coordinator",
      "3D Print Reclaimer",
      "3D Print Reclaimer",
      "Repair Caf\u00e9 Coordinator",
      "Repair Caf\u00e9 Coordinator",
      "3D Print Reclaimer",
      "3D Print Reclaimer",
      "Repair Caf\u00e9 Coordinator",
      "Repair Caf\u00e9 Coordinator"
    ],
    "avg_salary_range": {
      "min": 36.25,
      "max": 52.0
    },
    "education_paths": [
      "Industry experience",
      "Online course",
      "Master\u2019s degree",
      "Bachelor's degree",
      "Project-based proof",
      "Self-taught",
      "PhD"
    ],
    "related_value_chains": [
      {
        "id": "vc-005",
        "title": "Printed Circuit Boards to Precious Metals",
        "category": "E-Waste"
      },
      {
        "id": "vc-010",
        "title": "Waste Glass to Foam Glass",
        "category": "Glass Waste"
      }
    ]
  }
}