[
  {
    "id": "vc-001",
    "title": "Cotton Waste to Bioethanol",
    "category": "Textile Waste",
    "process_description": "Pretreatment (shredding), Enzymatic Hydrolysis, Fermentation, Distillation",
    "scientific_basis": "The process involves pretreatment (shredding), enzymatic hydrolysis, fermentation, distillation",
    "technology_requirements": "Shredders, hydrolysis reactors, fermentation tanks, distillation columns",
    "skill_requirements": "Chemical Engineering, Microbiology, Process Operation, Supply Chain Management",
    "feedstock_id": "feed-001",
    "product_id": "prod-001",
    "startup_cost": "\u00a3150,000 - \u00a3750,000",
    "monthly_revenue": "\u00a320,000 - \u00a360,000",
    "profitability": "Medium",
    "sustainability_score": "High",
    "difficulty_level": "Medium"
  },
  {
    "id": "vc-002",
    "title": "Cotton Waste to Glucose Syrup",
    "category": "Textile Waste",
    "process_description": "Acid Hydrolysis, Neutralization, Purification",
    "scientific_basis": "The process involves acid hydrolysis, neutralization, purification",
    "technology_requirements": "Acid-resistant reactors, filtration systems, neutralization tanks, evaporators",
    "skill_requirements": "Chemical Engineering, Industrial Chemistry, Safety Management",
    "feedstock_id": "feed-002",
    "product_id": "prod-002",
    "startup_cost": "\u00a3100,000 - \u00a3500,000",
    "monthly_revenue": "\u00a315,000 - \u00a350,000",
    "profitability": "Medium",
    "sustainability_score": "Medium",
    "difficulty_level": "Medium-High"
  },
  {
    "id": "vc-003",
    "title": "Polycotton Waste to PEF Monomers",
    "category": "Textile Waste",
    "process_description": "Selective Hydrolysis (e.g., Avantium Dawn Technology), Catalytic Conversion",
    "scientific_basis": "The process involves selective hydrolysis (e.g., avantium dawn technology), catalytic conversion",
    "technology_requirements": "Specialized hydrolysis reactors, catalytic converters, separation units",
    "skill_requirements": "Organic Chemistry, Catalysis, Chemical Engineering, Polymer Science",
    "feedstock_id": "feed-003",
    "product_id": "prod-003",
    "startup_cost": "\u00a3500,000 - \u00a33,000,000",
    "monthly_revenue": "\u00a350,000 - \u00a3150,000",
    "profitability": "High",
    "sustainability_score": "High",
    "difficulty_level": "High"
  },
  {
    "id": "vc-004",
    "title": "Mixed Plastic Waste to Fuel Oil",
    "category": "Plastic Waste",
    "process_description": "Pyrolysis, Catalytic Cracking, Distillation",
    "scientific_basis": "The process involves pyrolysis, catalytic cracking, distillation",
    "technology_requirements": "Pyrolysis reactor, catalytic cracking unit, distillation columns",
    "skill_requirements": "Chemical Engineering, Process Control, Thermochemical Conversion",
    "feedstock_id": "feed-004",
    "product_id": "prod-004",
    "startup_cost": "\u00a3200,000 - \u00a31,500,000",
    "monthly_revenue": "\u00a330,000 - \u00a3120,000",
    "profitability": "Medium-High",
    "sustainability_score": "Medium",
    "difficulty_level": "Medium"
  },
  {
    "id": "vc-005",
    "title": "Printed Circuit Boards to Precious Metals",
    "category": "E-Waste",
    "process_description": "Mechanical Processing, Hydrometallurgical Leaching, Selective Precipitation",
    "scientific_basis": "The process involves mechanical processing, hydrometallurgical leaching, selective precipitation",
    "technology_requirements": "Shredders, leaching tanks, precipitation vessels, filtration equipment",
    "skill_requirements": "Metallurgical Engineering, Chemical Engineering, Analytical Chemistry",
    "feedstock_id": "feed-005",
    "product_id": "prod-005",
    "startup_cost": "\u00a3300,000 - \u00a32,000,000",
    "monthly_revenue": "\u00a340,000 - \u00a3200,000",
    "profitability": "High",
    "sustainability_score": "High",
    "difficulty_level": "High"
  },
  {
    "id": "vc-006",
    "title": "Orange Peels to Limonene",
    "category": "Food Waste",
    "process_description": "Steam Distillation, Fractionation",
    "scientific_basis": "The process involves steam distillation, fractionation",
    "technology_requirements": "Steam generator, distillation unit, condensers, separation equipment",
    "skill_requirements": "Chemical Engineering, Essential Oil Production, Quality Control",
    "feedstock_id": "feed-006",
    "product_id": "prod-006",
    "startup_cost": "\u00a350,000 - \u00a3250,000",
    "monthly_revenue": "\u00a310,000 - \u00a335,000",
    "profitability": "Medium",
    "sustainability_score": "High",
    "difficulty_level": "Low-Medium"
  },
  {
    "id": "vc-007",
    "title": "Rice Husks to Silica",
    "category": "Agricultural Waste",
    "process_description": "Alkali Extraction, Acid Precipitation, Calcination",
    "scientific_basis": "The process involves alkali extraction, acid precipitation, calcination",
    "technology_requirements": "Reactors, filter presses, calcination furnace",
    "skill_requirements": "Materials Science, Process Engineering, Inorganic Chemistry",
    "feedstock_id": "feed-007",
    "product_id": "prod-007",
    "startup_cost": "\u00a3100,000 - \u00a3400,000",
    "monthly_revenue": "\u00a315,000 - \u00a345,000",
    "profitability": "Medium",
    "sustainability_score": "High",
    "difficulty_level": "Medium"
  },
  {
    "id": "vc-008",
    "title": "Concrete Waste to Aggregates",
    "category": "Construction Waste",
    "process_description": "Crushing, Screening, Contaminant Removal",
    "scientific_basis": "The process involves crushing, screening, contaminant removal",
    "technology_requirements": "Jaw crushers, impact crushers, screening equipment, magnetic separators",
    "skill_requirements": "Civil Engineering, Materials Testing, Equipment Operation",
    "feedstock_id": "feed-008",
    "product_id": "prod-008",
    "startup_cost": "\u00a3150,000 - \u00a3800,000",
    "monthly_revenue": "\u00a320,000 - \u00a370,000",
    "profitability": "Medium",
    "sustainability_score": "High",
    "difficulty_level": "Medium"
  },
  {
    "id": "vc-009",
    "title": "Sawdust to Furfural",
    "category": "Biomass Waste",
    "process_description": "Acid Hydrolysis, Steam Distillation",
    "scientific_basis": "The process involves acid hydrolysis, steam distillation",
    "technology_requirements": "Acid-resistant reactors, distillation columns, condensers",
    "skill_requirements": "Chemical Engineering, Bioproduct Development, Process Control",
    "feedstock_id": "feed-009",
    "product_id": "prod-009",
    "startup_cost": "\u00a3200,000 - \u00a3900,000",
    "monthly_revenue": "\u00a325,000 - \u00a380,000",
    "profitability": "Medium-High",
    "sustainability_score": "High",
    "difficulty_level": "Medium-High"
  },
  {
    "id": "vc-010",
    "title": "Waste Glass to Foam Glass",
    "category": "Glass Waste",
    "process_description": "Crushing, Mixing, Sintering, Annealing",
    "scientific_basis": "The process involves crushing, mixing, sintering, annealing",
    "technology_requirements": "Glass crushers, mixers, tunnel kiln, annealing lehr",
    "skill_requirements": "Materials Engineering, Thermal Processing, Quality Control",
    "feedstock_id": "feed-010",
    "product_id": "prod-010",
    "startup_cost": "\u00a3300,000 - \u00a31,200,000",
    "monthly_revenue": "\u00a330,000 - \u00a390,000",
    "profitability": "Medium",
    "sustainability_score": "High",
    "difficulty_level": "Medium"
  }
]