[
  {
    "id": "vc-001",
    "title": "Cotton Waste to Bioethanol",
    "category": "Textile Waste",
    "image_placeholder": "image_vc-001.jpg",
    "short_description": "Transform Post-consumer cotton textiles into Bioethanol",
    "monthly_revenue": "\u00a320,000 - \u00a360,000",
    "difficulty": "Medium",
    "sustainability": "High"
  },
  {
    "id": "vc-002",
    "title": "Cotton Waste to Glucose Syrup",
    "category": "Textile Waste",
    "image_placeholder": "image_vc-002.jpg",
    "short_description": "Transform Post-consumer cotton into Industrial glucose syrup",
    "monthly_revenue": "\u00a315,000 - \u00a350,000",
    "difficulty": "Medium-High",
    "sustainability": "Medium"
  },
  {
    "id": "vc-003",
    "title": "Polycotton Waste to PEF Monomers",
    "category": "Textile Waste",
    "image_placeholder": "image_vc-003.jpg",
    "short_description": "Transform Polycotton textiles into Glucose",
    "monthly_revenue": "\u00a350,000 - \u00a3150,000",
    "difficulty": "High",
    "sustainability": "High"
  },
  {
    "id": "vc-004",
    "title": "Mixed Plastic Waste to Fuel Oil",
    "category": "Plastic Waste",
    "image_placeholder": "image_vc-004.jpg",
    "short_description": "Transform Mixed post-consumer plastics (PE into Diesel-like fuel oil",
    "monthly_revenue": "\u00a330,000 - \u00a3120,000",
    "difficulty": "Medium",
    "sustainability": "Medium"
  },
  {
    "id": "vc-005",
    "title": "Printed Circuit Boards to Precious Metals",
    "category": "E-Waste",
    "image_placeholder": "image_vc-005.jpg",
    "short_description": "Transform End-of-life printed circuit boards (PCBs) into Gold",
    "monthly_revenue": "\u00a340,000 - \u00a3200,000",
    "difficulty": "High",
    "sustainability": "High"
  },
  {
    "id": "vc-006",
    "title": "Orange Peels to Limonene",
    "category": "Food Waste",
    "image_placeholder": "image_vc-006.jpg",
    "short_description": "Transform Citrus fruit peels (orange into D-Limonene",
    "monthly_revenue": "\u00a310,000 - \u00a335,000",
    "difficulty": "Low-Medium",
    "sustainability": "High"
  },
  {
    "id": "vc-007",
    "title": "Rice Husks to Silica",
    "category": "Agricultural Waste",
    "image_placeholder": "image_vc-007.jpg",
    "short_description": "Transform Rice husks into Precipitated silica",
    "monthly_revenue": "\u00a315,000 - \u00a345,000",
    "difficulty": "Medium",
    "sustainability": "High"
  },
  {
    "id": "vc-008",
    "title": "Concrete Waste to Aggregates",
    "category": "Construction Waste",
    "image_placeholder": "image_vc-008.jpg",
    "short_description": "Transform Demolished concrete into Recycled concrete aggregates (RCA)",
    "monthly_revenue": "\u00a320,000 - \u00a370,000",
    "difficulty": "Medium",
    "sustainability": "High"
  },
  {
    "id": "vc-009",
    "title": "Sawdust to Furfural",
    "category": "Biomass Waste",
    "image_placeholder": "image_vc-009.jpg",
    "short_description": "Transform Sawdust into Furfural",
    "monthly_revenue": "\u00a325,000 - \u00a380,000",
    "difficulty": "Medium-High",
    "sustainability": "High"
  },
  {
    "id": "vc-010",
    "title": "Waste Glass to Foam Glass",
    "category": "Glass Waste",
    "image_placeholder": "image_vc-010.jpg",
    "short_description": "Transform Mixed waste glass into Foam glass insulation panels",
    "monthly_revenue": "\u00a330,000 - \u00a390,000",
    "difficulty": "Medium",
    "sustainability": "High"
  }
]